paper_url	paper_title	paper_arxiv_id	paper_url_pdf	paper_url_abs	DOI	repo_url	is_official	mentioned_in_paper	DOI/arxiv_in_github	Title_in_github	BiDirectional_ids	BiDirectional	framework	Observations	Reviewed By
https://paperswithcode.com/paper/activethief-model-extraction-using-active	ACTIVETHIEF: Model Extraction Using Active Learning and Unannotated Public Data		http://www.iisc-seal.net/publications/aaai2020.pdf	http://www.iisc-seal.net/publications/aaai2020.pdf		https://bitbucket.org/iiscseal/activethief	TRUE	FALSE	FALSE	FALSE	FALSE	FALSE	tf	***** 404 on paper	Arroyo
https://paperswithcode.com/paper/computing-multiple-solutions-of-topology	Computing multiple solutions of topology optimization problems	2004.11797	https://arxiv.org/pdf/2004.11797v2.pdf	https://arxiv.org/abs/2004.11797v2		https://bitbucket.org/papadopoulos/deflatedbarrier	TRUE	TRUE	FALSE	TRUE	FALSE	TRUE	none		Arroyo
https://paperswithcode.com/paper/cir-net-cross-modality-interaction-and	CIR-Net: Cross-modality Interaction and Refinement for RGB-D Salient Object Detection	2210.02843	https://arxiv.org/pdf/2210.02843v1.pdf	https://arxiv.org/abs/2210.02843v1		https://gitee.com/Lin-Qinwei/cir-net-mind-spore	TRUE	FALSE	FALSE	TRUE	FALSE	FALSE	none	USES GITEE. Though TRUE	Arroyo
https://paperswithcode.com/paper/efficient-binary-level-coverage-analysis	Efficient Binary-Level Coverage Analysis	2004.14191	https://arxiv.org/pdf/2004.14191v3.pdf	http://arxiv.org/abs/2004.14191v3		https://github.com/abenkhadra/bcov	TRUE	FALSE	TRUE	TRUE	FALSE	FALSE	none	has the github as a DOI	Arroyo
https://paperswithcode.com/paper/pygad-an-intuitive-genetic-algorithm-python	PyGAD: An Intuitive Genetic Algorithm Python Library	2106.06158	https://arxiv.org/pdf/2106.06158v1.pdf	https://arxiv.org/abs/2106.06158v1		https://github.com/ahmedfgad/GeneticAlgorithmPython	TRUE	TRUE	TRUE	TRUE	TRUE	TRUE	pytorch	SOMEF might have issues due to it having a citation and a "paper". Paper has the bibtex for arxiv	Arroyo
https://paperswithcode.com/paper/advcodec-towards-a-unified-framework-for-1	T3: Tree-Autoencoder Constrained Adversarial Text Generation for Targeted Attack	1912.10375	https://arxiv.org/pdf/1912.10375v2.pdf	https://arxiv.org/abs/1912.10375v2	10.18653/v1/2020.emnlp-main.495	https://github.com/AI-secure/T3	TRUE	TRUE	TRUE	TRUE	TRUE	TRUE	pytorch		Arroyo
https://paperswithcode.com/paper/aksharantar-towards-building-open	Aksharantar: Towards building open transliteration tools for the next billion users	2205.03018	https://arxiv.org/pdf/2205.03018v1.pdf	https://arxiv.org/abs/2205.03018v1		https://github.com/AI4Bharat/IndicXlit	TRUE	FALSE	TRUE	TRUE	FALSE	FALSE	pytorch		Arroyo
https://paperswithcode.com/paper/citation-network-centrality-a-scientific	Citation network centrality: a scientific awards predictor?	1910.02369	https://arxiv.org/pdf/1910.02369v1.pdf	https://arxiv.org/abs/1910.02369v1		https://github.com/ajholanda/k-index	TRUE	TRUE	TRUE	TRUE	TRUE	TRUE	none	**** Link broken in paper, does not reference full github but rather a file.	Arroyo
https://paperswithcode.com/paper/tensorlayer-a-versatile-library-for-efficient	TensorLayer: A Versatile Library for Efficient Deep Learning Development	1707.08551	http://arxiv.org/pdf/1707.08551v3.pdf	http://arxiv.org/abs/1707.08551v3		https://github.com/akaraspt/tl_paper	TRUE	TRUE	FALSE	TRUE	FALSE	TRUE	tf	No readme, SOMEF may fail	Arroyo
https://paperswithcode.com/paper/in-stability-for-the-blockchain-deleveraging	(In)Stability for the Blockchain: Deleveraging Spirals and Stablecoin Attacks	1906.02152	https://arxiv.org/pdf/1906.02152v3.pdf	https://arxiv.org/abs/1906.02152v3	10.21428/58320208.e46b7b81	https://github.com/aklamun/Stablecoin_Deleveraging	TRUE	TRUE	TRUE	TRUE	TRUE	TRUE	none		Arroyo
https://paperswithcode.com/paper/explainable-and-lightweight-model-for-covid	Explainable and Lightweight Model for COVID-19 Detection Using Chest Radiology Images	2212.13788	https://arxiv.org/pdf/2212.13788v1.pdf	https://arxiv.org/abs/2212.13788v1		https://github.com/aleesuss/c19	TRUE	TRUE	FALSE	TRUE	FALSE	TRUE	tf		Arroyo
https://paperswithcode.com/paper/presentations-for-cusped-arithmetic	Presentations for cusped arithmetic hyperbolic lattices	1709.06691	https://arxiv.org/pdf/1709.06691v5.pdf	https://arxiv.org/abs/1709.06691v5	10.2140/agt.2022.22.3577	https://github.com/alice-mark/LatticePresentations	TRUE	TRUE	FALSE	TRUE	FALSE	TRUE	none	Mentioned but dont know if somef will pick it up.	Arroyo
https://paperswithcode.com/paper/a-machine-learning-based-ensemble-method-for	A Machine-learning Based Ensemble Method For Anti-patterns Detection	1903.01899	https://arxiv.org/pdf/1903.01899v3.pdf	https://arxiv.org/abs/1903.01899v3		https://github.com/antoineBarbez/SMAD	TRUE	TRUE	TRUE	TRUE	TRUE	TRUE	tf	TITLE IN ABOUT	Arroyo
https://paperswithcode.com/paper/chaining-meets-chain-rule-multilevel-entropic	Chaining Meets Chain Rule: Multilevel Entropic Regularization and Training of Neural Nets	1906.11148	https://arxiv.org/pdf/1906.11148v1.pdf	https://arxiv.org/abs/1906.11148v1		https://github.com/ARAsadi/Multilevel-Metropolis	TRUE	TRUE	FALSE	FALSE	FALSE	FALSE	none		Arroyo
https://paperswithcode.com/paper/characterising-the-surface-magnetic-fields-of	Characterising the surface magnetic fields of T Tauri stars with high-resolution near-infrared spectroscopy	1909.04965	https://arxiv.org/pdf/1909.04965v1.pdf	https://arxiv.org/abs/1909.04965v1	10.1051/0004-6361/2019.35695	https://github.com/astro-alexis/magnotron-tts	TRUE	TRUE	TRUE	TRUE	TRUE	TRUE	none		Arroyo
https://paperswithcode.com/paper/multi-channel-narrow-band-deep-speech	Multi-channel Narrow-band Deep Speech Separation with Full-band Permutation Invariant Training	2110.05966	https://arxiv.org/pdf/2110.05966v2.pdf	https://arxiv.org/abs/2110.05966v2		https://github.com/audio-westlakeu/nbss	TRUE	TRUE	TRUE	TRUE	TRUE	TRUE	pytorch	AS A EMBEDDED LINK	Arroyo
https://paperswithcode.com/paper/quantum-ground-states-from-reinforcement	Quantum Ground States from Reinforcement Learning	2006.09044	http://arxiv.org/pdf/2006.09044v1.pdf	http://arxiv.org/abs/2006.09044v1		https://github.com/AustenLamacraft/QuaRL	TRUE	TRUE	FALSE	TRUE	FALSE	TRUE	pytorch		Arroyo
https://paperswithcode.com/paper/utilizing-evidence-spans-via-sequence-level	Long Context Question Answering via Supervised Contrastive Learning	2112.08777	https://arxiv.org/pdf/2112.08777v2.pdf	https://arxiv.org/abs/2112.08777v2	10.18653/v1/2022.naacl-main.207	https://github.com/aviclu/seq-contrast-qa	TRUE	TRUE	TRUE	TRUE	TRUE	TRUE	pytorch	DEAD URL	Arroyo
https://paperswithcode.com/paper/coloring-with-words-guiding-image	Coloring with Words: Guiding Image Colorization Through Text-based Palette Generation	1804.04128	http://arxiv.org/pdf/1804.04128v2.pdf	http://arxiv.org/abs/1804.04128v2		https://github.com/awesome-davian/Text2Colors	TRUE	TRUE	TRUE	TRUE	TRUE	TRUE	pytorch	within footnote. Also the link has a / at the end that might cause some confusion	Arroyo
https://paperswithcode.com/paper/deep-water-wave-cloaking-using-a-multi	Deep water wave cloaking using a multi-layered buoyant plate	2204.03792	https://arxiv.org/pdf/2204.03792v1.pdf	https://arxiv.org/abs/2204.03792v1		https://github.com/azareei/DeepCloaking	TRUE	FALSE	TRUE	TRUE	FALSE	FALSE	none		Arroyo
https://paperswithcode.com/paper/a-benchmark-of-data-stream-classification-for	A benchmark of data stream classification for human activity recognition on connected objects	2008.11880	https://arxiv.org/pdf/2008.11880v1.pdf	https://arxiv.org/abs/2008.11880v1		https://github.com/azazel7/paper-benchmark	TRUE	TRUE	TRUE	FALSE	TRUE	TRUE	none		Arroyo
https://paperswithcode.com/paper/non-autoregressive-translation-by-learning	Non-Autoregressive Translation by Learning Target Categorical Codes	2103.11405	https://arxiv.org/pdf/2103.11405v1.pdf	https://arxiv.org/abs/2103.11405v1	10.18653/v1/2021.naacl-main.458	https://github.com/baoy-nlp/CNAT	TRUE	FALSE	TRUE	TRUE	FALSE	FALSE	pytorch		Arroyo
https://paperswithcode.com/paper/svc-ongoing-signature-verification	SVC-onGoing: Signature Verification Competition	2108.06090	https://arxiv.org/pdf/2108.06090v2.pdf	https://arxiv.org/abs/2108.06090v2		https://github.com/BiDAlab/SVC2021_EvalDB	TRUE	TRUE	FALSE	TRUE	FALSE	TRUE	none	has multiple links but one of them has a github that points to it	Arroyo
https://paperswithcode.com/paper/webly-supervised-image-classification-with	Webly Supervised Image Classification with Self-Contained Confidence	2008.11894	https://arxiv.org/pdf/2008.11894v1.pdf	https://arxiv.org/abs/2008.11894v1		https://github.com/bigvideoresearch/SCC	TRUE	TRUE	TRUE	TRUE	TRUE	TRUE	pytorch	Many urls https://github.com/bigvideoresearch/Enigma	Arroyo
https://paperswithcode.com/paper/do-cosmological-data-rule-out-f-mathcal-r	Do cosmological data rule out $f(\mathcal{R})$ with $w\neq-1$?	1712.05976	http://arxiv.org/pdf/1712.05976v2.pdf	http://arxiv.org/abs/1712.05976v2		https://github.com/borisbolliet/class_eos_fr_public	TRUE	TRUE	TRUE		TRUE	TRUE	none		Arroyo
https://paperswithcode.com/paper/bootstrapping-the-relationship-between-images	Bootstrapping the Relationship Between Images and Their Clean and Noisy Labels	2210.08826	https://arxiv.org/pdf/2210.08826v1.pdf	https://arxiv.org/abs/2210.08826v1	10.1109/wacv56688.2023.00531	https://github.com/btsmart/bootstrapping-label-noise	TRUE	TRUE	FALSE	TRUE	FALSE	TRUE	pytorch	only mentions title so SOMEF might not extract	Arroyo
https://paperswithcode.com/paper/improved-feature-distillation-via-projector	Improved Feature Distillation via Projector Ensemble	2210.15274	https://arxiv.org/pdf/2210.15274v1.pdf	https://arxiv.org/abs/2210.15274v1		https://github.com/chenyd7/pefd	TRUE	TRUE	FALSE	TRUE	FALSE	TRUE	pytorch	its in citation format but without using ``` so not in markdown	Arroyo
https://paperswithcode.com/paper/evaluating-dialogue-generation-systems-via	Evaluating Dialogue Generation Systems via Response Selection	2004.14302	https://arxiv.org/pdf/2004.14302v1.pdf	https://arxiv.org/abs/2004.14302v1	10.18653/v1/2020.acl-main.55	https://github.com/cl-tohoku/eval-via-selection	TRUE	TRUE	TRUE	TRUE	TRUE	TRUE	none		Arroyo
https://paperswithcode.com/paper/comparing-statistical-and-neural-models-for	Comparing Statistical and Neural Models for Learning Sound Correspondences		https://aclanthology.org/2020.lt4hala-1.12.pdf	https://aclanthology.org/2020.lt4hala-1.12		https://github.com/clefourrier/PLexGen	TRUE	TRUE	FALSE	TRUE	FALSE	TRUE	none	github url in footnote. The	Arroyo
https://paperswithcode.com/paper/accelerated-neural-networks-on-opencl-devices	Accelerated Neural Networks on OpenCL Devices Using SYCL-DNN	1904.04174	http://arxiv.org/pdf/1904.04174v1.pdf	http://arxiv.org/abs/1904.04174v1	10.1145/3318170.3318183	https://github.com/CodeplaySoftware/SYCL-DNN	TRUE	TRUE	TRUE	FALSE	TRUE	TRUE	none	BIBTEX HAS DOI URL	Arroyo
https://paperswithcode.com/paper/pal-a-fast-dnn-optimization-method-based-on	Parabolic Approximation Line Search for DNNs	1903.11991	https://arxiv.org/pdf/1903.11991v5.pdf	https://arxiv.org/abs/1903.11991v5		https://github.com/cogsys-tuebingen/PAL	TRUE	TRUE	TRUE	TRUE	TRUE	TRUE	tf		Arroyo
https://paperswithcode.com/paper/contrastive-learning-with-continuous-proxy	Contrastive Learning with Continuous Proxy Meta-Data for 3D MRI Classification	2106.08808	https://arxiv.org/pdf/2106.08808v1.pdf	https://arxiv.org/abs/2106.08808v1		https://github.com/Duplums/yAwareContrastiveLearning	TRUE	TRUE	FALSE	FALSE	FALSE	FALSE	pytorch	Link not DOI	Arroyo
https://paperswithcode.com/paper/bayesian-active-learning-for-production-a	Bayesian active learning for production, a systematic study and a reusable library	2006.09916	https://arxiv.org/pdf/2006.09916v1.pdf	https://arxiv.org/abs/2006.09916v1		https://github.com/ElementAI/baal	TRUE	TRUE	TRUE	TRUE	TRUE	TRUE	pytorch	url in paper is different to the github url same repo	Arroyo
https://paperswithcode.com/paper/a-design-of-low-projection-scma-codebooks-for	A Design of Low-Projection SCMA Codebooks for Ultra-Low Decoding Complexity in Downlink IoT Networks	2208.03118	https://arxiv.org/pdf/2208.03118v2.pdf	https://arxiv.org/abs/2208.03118v2	10.1109/twc.2023.3244868	https://github.com/ethanlq/scma-codebook	TRUE	TRUE	FALSE	FALSE	FALSE	FALSE	none		Arroyo
https://paperswithcode.com/paper/voiceloop-voice-fitting-and-synthesis-via-a	VoiceLoop: Voice Fitting and Synthesis via a Phonological Loop	1707.06588	http://arxiv.org/pdf/1707.06588v3.pdf	http://arxiv.org/abs/1707.06588v3		https://github.com/facebookresearch/loop	TRUE	TRUE	TRUE	TRUE	TRUE	TRUE	pytorch		Arroyo
https://paperswithcode.com/paper/top-down-discourse-parsing-via-sequence	Top-down Discourse Parsing via Sequence Labelling	2102.02080	https://arxiv.org/pdf/2102.02080v2.pdf	https://arxiv.org/abs/2102.02080v2	10.18653/v1/2021.eacl-main.60	https://github.com/fajri91/NeuralRST-TopDown	TRUE	TRUE	FALSE	TRUE	FALSE	TRUE	pytorch	Different link ACL	Arroyo
https://paperswithcode.com/paper/algorithms-to-compute-the-burrows-wheeler	Algorithms to compute the Burrows-Wheeler Similarity Distribution	1903.10583	http://arxiv.org/pdf/1903.10583v1.pdf	http://arxiv.org/abs/1903.10583v1	10.1016/j.tcs.2019.03.012	https://github.com/felipelouza/bwsd	TRUE	TRUE	TRUE	TRUE	TRUE	TRUE	none	REFERENCE BUT NO DOI OR ARXIV	Arroyo
https://paperswithcode.com/paper/reservoir-computing-approaches-for	Reservoir computing approaches for representation and classification of multivariate time series	1803.07870	https://arxiv.org/pdf/1803.07870v3.pdf	https://arxiv.org/abs/1803.07870v3		https://github.com/FilippoMB/Reservoir-model-space-classifier	TRUE	TRUE	TRUE	TRUE	TRUE	TRUE	tf		Arroyo
https://paperswithcode.com/paper/deep-reinforcement-learning-for-turbulence	Deep Reinforcement Learning for Turbulence Modeling in Large Eddy Simulations	2206.11038	https://arxiv.org/pdf/2206.11038v2.pdf	https://arxiv.org/abs/2206.11038v2		https://github.com/flexi-framework/relexi	TRUE	TRUE	TRUE	TRUE	TRUE	TRUE	none	only mentioned as text may cause problems when extracting with SOMEF	Arroyo
https://paperswithcode.com/paper/gernermed-transfer-learning-in-german-medical	GERNERMED++: Transfer Learning in German Medical NLP	2206.14504	https://arxiv.org/pdf/2206.14504v2.pdf	https://arxiv.org/abs/2206.14504v2		https://github.com/frankkramer-lab/gernermed-pp	TRUE	TRUE	TRUE		TRUE	TRUE	none		Arroyo
https://paperswithcode.com/paper/graphfpn-graph-feature-pyramid-network-for	GraphFPN: Graph Feature Pyramid Network for Object Detection	2108.00580	https://arxiv.org/pdf/2108.00580v3.pdf	https://arxiv.org/abs/2108.00580v3	10.1109/iccv48922.2021.00276	https://github.com/GangmingZhao/GraphFPN-Graph-Feature-Pyramid-Network-for-Object-Detection	TRUE	TRUE	TRUE	TRUE	TRUE	TRUE	none		Arroyo
https://paperswithcode.com/paper/deformation-spaces-and-static-animations	Deformation Spaces and Static Animations	2211.08333	https://arxiv.org/pdf/2211.08333v1.pdf	https://arxiv.org/abs/2211.08333v1		https://github.com/gdorfsmanhopkins/staticanimations	TRUE	TRUE	FALSE	TRUE	FALSE	TRUE	none		Arroyo
https://paperswithcode.com/paper/zero-shot-natural-language-video-localization	Zero-shot Natural Language Video Localization	2110.00428	https://arxiv.org/pdf/2110.00428v1.pdf	https://arxiv.org/abs/2110.00428v1	10.1109/iccv48922.2021.00150	https://github.com/gistvision/psvl	TRUE	TRUE	FALSE	TRUE	FALSE	TRUE	pytorch	NO DOI/ARXIV, but has url AND bibtex	Arroyo
https://paperswithcode.com/paper/decoupled-weight-decay-regularization	Decoupled Weight Decay Regularization	1711.05101	http://arxiv.org/pdf/1711.05101v3.pdf	http://arxiv.org/abs/1711.05101v3		https://github.com/GLambard/AdamW_Keras	TRUE	TRUE	TRUE	FALSE	TRUE	TRUE	tf	******	Arroyo
https://paperswithcode.com/paper/expressive-power-of-tensor-network-1	Expressive power of tensor-network factorizations for probabilistic modeling		http://papers.nips.cc/paper/8429-expressive-power-of-tensor-network-factorizations-for-probabilistic-modeling.pdf	http://papers.nips.cc/paper/8429-expressive-power-of-tensor-network-factorizations-for-probabilistic-modeling		https://github.com/glivan/tensor_networks_for_probabilistic_modeling	TRUE	TRUE	TRUE	TRUE	TRUE	TRUE	none	I have found a arxiv, double check if this comes up	Arroyo
https://paperswithcode.com/paper/rowhammer-and-beyond	RowHammer and Beyond	1903.11056	http://arxiv.org/pdf/1903.11056v1.pdf	http://arxiv.org/abs/1903.11056v1	10.1007/978-3-030-16350-1_1	https://github.com/google/rowhammer-test	TRUE	TRUE	FALSE	FALSE	FALSE	FALSE	none		Arroyo
https://paperswithcode.com/paper/deep-photometric-stereo-for-non-lambertian	Deep Photometric Stereo for Non-Lambertian Surfaces	2007.13145	https://arxiv.org/pdf/2007.13145v1.pdf	https://arxiv.org/abs/2007.13145v1	10.1109/tpami.2020.3005397	https://github.com/guanyingc/PS-FCN	TRUE	FALSE	FALSE	FALSE	FALSE	FALSE	pytorch	has bibtex, but links their github.io webpage	Arroyo
https://paperswithcode.com/paper/perspectives-and-solutions-towards	Perspectives and solutions towards intelligent ambient assisted living systems	2102.13173	https://arxiv.org/pdf/2102.13173v2.pdf	https://arxiv.org/abs/2102.13173v2		https://github.com/hongsun502/AALDemo	TRUE	TRUE	FALSE	TRUE	FALSE	TRUE	none		Arroyo
https://paperswithcode.com/paper/distilled-neural-networks-for-efficient	Distilled Neural Networks for Efficient Learning to Rank	2202.10728	https://arxiv.org/pdf/2202.10728v1.pdf	https://arxiv.org/abs/2202.10728v1	10.1109/tkde.2022.3152585	https://github.com/hpclab/efficient_nn_for_ltr	TRUE	TRUE	FALSE	TRUE	FALSE	TRUE	pytorch	different link	Arroyo
https://paperswithcode.com/paper/exoplanet-transmission-spectroscopy-using	Exoplanet Transmission Spectroscopy using KMOS	1508.02911	http://arxiv.org/pdf/1508.02911v1.pdf	http://arxiv.org/abs/1508.02911v1		https://github.com/hpparvi/PyTransit	TRUE	TRUE	FALSE	TRUE	FALSE	TRUE	none	has DOI but its not a url and bibtex	Arroyo
https://paperswithcode.com/paper/improving-generalization-and-stability-of	Improving Generalization and Stability of Generative Adversarial Networks	1902.03984	http://arxiv.org/pdf/1902.03984v1.pdf	http://arxiv.org/abs/1902.03984v1		https://github.com/htt210/GeneralizationAndStabilityInGANs	TRUE	TRUE	FALSE	TRUE	FALSE	TRUE	pytorch	BIBTEX and the bibtex does not have a arxiv or doi	Arroyo
https://paperswithcode.com/paper/combining-humor-and-sarcasm-for-improving	Combining Humor and Sarcasm for Improving Political Parody Detection	2205.03313	https://arxiv.org/pdf/2205.03313v1.pdf	https://arxiv.org/abs/2205.03313v1	10.18653/v1/2022.naacl-main.131	https://github.com/iamoscar1/multi_encoder_model_for_political_parody_prediction	TRUE	TRUE	FALSE	TRUE	FALSE	TRUE	pytorch	Mentioned in text	Arroyo
https://paperswithcode.com/paper/data-driven-occupancy-grid-mapping-using	Data-Driven Occupancy Grid Mapping using Synthetic and Real-World Data	2211.08278	https://arxiv.org/pdf/2211.08278v1.pdf	https://arxiv.org/abs/2211.08278v1	10.1109/iceccme55909.2022.9988605	https://github.com/ika-rwth-aachen/devilog	TRUE	TRUE	TRUE	TRUE	TRUE	TRUE	tf		Arroyo
https://paperswithcode.com/paper/less-than-one-shot-learning-learning-n	Less Than One'-Shot Learning: Learning N Classes From M<N Samples	2009.08449	https://arxiv.org/pdf/2009.08449v1.pdf	https://arxiv.org/abs/2009.08449v1		https://github.com/ilia10000/SLkNN	TRUE	FALSE	TRUE	FALSE	FALSE	FALSE	none	unrealted repo	Arroyo
https://paperswithcode.com/paper/distributed-coordinate-descent-for-l1	Distributed Coordinate Descent for L1-regularized Logistic Regression	14,116,520	http://arxiv.org/pdf/1411.6520v1.pdf	http://arxiv.org/abs/1411.6520v1	10.1007/978-3-319-26123-2_24	https://github.com/IlyaTrofimov/dlr	TRUE	TRUE	TRUE	FALSE	TRUE	TRUE	none	only has the url	Arroyo
https://paperswithcode.com/paper/efficient-deep-gaussian-process-models-for	Efficient Deep Gaussian Process Models for Variable-Sized Inputs	1905.06982	https://arxiv.org/pdf/1905.06982v1.pdf	https://arxiv.org/abs/1905.06982v1		https://github.com/IssamLaradji/GP_DRF	TRUE	TRUE	TRUE	TRUE	TRUE	TRUE	pytorch		Arroyo
https://paperswithcode.com/paper/characterizing-slam-benchmarks-and-methods	Characterizing SLAM Benchmarks and Methods for the Robust Perception Age	1905.07808	https://arxiv.org/pdf/1905.07808v1.pdf	https://arxiv.org/abs/1905.07808v1		https://github.com/ivalab/Benchmarking_SLAM	TRUE	TRUE	FALSE	TRUE	FALSE	TRUE	none	has bibtex though does not have url	Arroyo
https://paperswithcode.com/paper/automatic-discovery-of-the-statistical-types	Automatic Discovery of the Statistical Types of Variables in a Dataset		http://proceedings.mlr.press/v70/valera17a/valera17a.pdf	https://icml.cc/Conferences/2017/Schedule?showEvent=541		https://github.com/ivaleraM/DataTypes	TRUE	TRUE	FALSE	TRUE	FALSE	TRUE	none	Mentions only title and may cause issues with SOMEF extraction	Arroyo
https://paperswithcode.com/paper/a-review-of-anonymization-for-healthcare-data	A Review of Anonymization for Healthcare Data	2104.06523	https://arxiv.org/pdf/2104.06523v1.pdf	https://arxiv.org/abs/2104.06523v1	10.1089/big.2021.0169	https://github.com/iyempissy/anonymization-reconstruction-attack	TRUE	TRUE	FALSE	FALSE	FALSE	FALSE	none		Arroyo
https://paperswithcode.com/paper/unsupervised-learning-for-lexicon-based	Unsupervised Learning for Lexicon-Based Classification	1611.06933	http://arxiv.org/pdf/1611.06933v1.pdf	http://arxiv.org/abs/1611.06933v1	10.1609/aaai.v31i1.10965	https://github.com/jacobeisenstein/probabilistic-lexicon-classification	TRUE	TRUE	FALSE	TRUE	FALSE	TRUE	none	Paper has link, Github README.md title is the title of the paper	Arroyo
https://paperswithcode.com/paper/what-is-the-state-of-neural-network-pruning	What is the State of Neural Network Pruning?	2003.03033	https://arxiv.org/pdf/2003.03033v1.pdf	https://arxiv.org/abs/2003.03033v1		https://github.com/jjgo/shrinkbench	TRUE	TRUE	TRUE	TRUE	TRUE	TRUE	pytorch		Arroyo
https://paperswithcode.com/paper/optimal-regularized-inverse-matrices-for	Optimal regularized inverse matrices for inverse problems	1603.05867	http://arxiv.org/pdf/1603.05867v1.pdf	http://arxiv.org/abs/1603.05867v1		https://github.com/juliannechung/ORIM	TRUE	TRUE	FALSE	TRUE	FALSE	TRUE	none		Arroyo
https://paperswithcode.com/paper/batchlayout-a-batch-parallel-force-directed	BatchLayout: A Batch-Parallel Force-Directed Graph Layout Algorithm in Shared Memory	2002.08233	http://arxiv.org/pdf/2002.08233v1.pdf	http://arxiv.org/abs/2002.08233v1	10.1109/pacificvis48177.2020.3756	https://github.com/khaled-rahman/BatchLayout	TRUE	TRUE	FALSE	TRUE	FALSE	TRUE	none	Has bibtex, no url	Arroyo
https://paperswithcode.com/paper/nnaudio-an-on-the-fly-gpu-audio-to	nnAudio: An on-the-fly GPU Audio to Spectrogram Conversion Toolbox Using 1D Convolutional Neural Networks	1912.12055	https://arxiv.org/pdf/1912.12055v3.pdf	https://arxiv.org/abs/1912.12055v3	10.1109/ACCESS.2020.3019084	https://github.com/KinWaiCheuk/nnAudio	TRUE	TRUE	TRUE	TRUE	TRUE	TRUE	pytorch		Arroyo
https://paperswithcode.com/paper/fast-conditional-independence-test-for-vector	Fast Conditional Independence Test for Vector Variables with Large Sample Sizes	1804.02747	http://arxiv.org/pdf/1804.02747v1.pdf	http://arxiv.org/abs/1804.02747v1		https://github.com/kjchalup/fcit	TRUE	TRUE	FALSE	FALSE	FALSE	FALSE	none		Arroyo
https://paperswithcode.com/paper/rogue-gym-a-new-challenge-for-generalization	Rogue-Gym: A New Challenge for Generalization in Reinforcement Learning	1904.08129	https://arxiv.org/pdf/1904.08129v2.pdf	https://arxiv.org/abs/1904.08129v2	10.1109/cig.2019.8848075	https://github.com/kngwyu/rogue-gym-agents-cog19	TRUE	TRUE	TRUE	TRUE	TRUE	TRUE	pytorch		Arroyo
https://paperswithcode.com/paper/mastering-rate-based-curriculum-learning	Mastering Rate based Curriculum Learning	2008.06456	https://arxiv.org/pdf/2008.06456v1.pdf	https://arxiv.org/abs/2008.06456v1		https://github.com/lcswillems/automatic-curriculum	TRUE	TRUE	FALSE	TRUE	FALSE	TRUE	pytorch	mentioned as text	Arroyo
https://paperswithcode.com/paper/multidepth-single-image-depth-estimation-via	MultiDepth: Single-Image Depth Estimation via Multi-Task Regression and Classification	1907.11111	https://arxiv.org/pdf/1907.11111v1.pdf	https://arxiv.org/abs/1907.11111v1	10.1109/itsc.2019.8917177	https://github.com/lukasliebel/MultiDepth	TRUE	TRUE	TRUE	TRUE	TRUE	TRUE	tf	in about. citation with {}	Arroyo
https://paperswithcode.com/paper/a-step-towards-neural-genome-assembly	A step towards neural genome assembly	2011.05013	https://arxiv.org/pdf/2011.05013v1.pdf	https://arxiv.org/abs/2011.05013v1		https://github.com/lvrcek/NeuralLayout	TRUE	TRUE	FALSE	FALSE	FALSE	FALSE	pytorch		Arroyo
https://paperswithcode.com/paper/designing-neural-speaker-embeddings-with-meta	Designing Neural Speaker Embeddings with Meta Learning	2007.16196	https://arxiv.org/pdf/2007.16196v1.pdf	https://arxiv.org/abs/2007.16196v1		https://github.com/manojpamk/pytorch_xvectors	TRUE	TRUE	TRUE	TRUE	TRUE	TRUE	pytorch		Arroyo
https://paperswithcode.com/paper/bayesflow-can-reliably-detect-model	Detecting Model Misspecification in Amortized Bayesian Inference with Neural Networks	2112.08866	https://arxiv.org/pdf/2112.08866v5.pdf	https://arxiv.org/abs/2112.08866v5		https://github.com/marvinschmitt/ModelMisspecificationBF	TRUE	TRUE	TRUE	TRUE	TRUE	TRUE	tf		Arroyo
https://paperswithcode.com/paper/association-of-genomic-subtypes-of-lower	Association of genomic subtypes of lower-grade gliomas with shape features automatically extracted by a deep learning algorithm	1906.03720	https://arxiv.org/pdf/1906.03720v1.pdf	https://arxiv.org/abs/1906.03720v1	10.1016/j.compbiomed.2019.05.002	https://github.com/mateuszbuda/brain-segmentation	TRUE	TRUE	TRUE	TRUE	TRUE	TRUE	tf		Arroyo
https://paperswithcode.com/paper/measure-estimation-in-the-barycentric-coding	Measure Estimation in the Barycentric Coding Model	2201.12195	https://arxiv.org/pdf/2201.12195v2.pdf	https://arxiv.org/abs/2201.12195v2		https://github.com/mattwerenski/bcm	TRUE	TRUE	TRUE	TRUE	TRUE	TRUE	pytorch		Arroyo
https://paperswithcode.com/paper/identifying-and-analyzing-cryptocurrency	Identifying and Analyzing Cryptocurrency Manipulations in Social Media	1902.03110	https://arxiv.org/pdf/1902.03110v2.pdf	https://arxiv.org/abs/1902.03110v2	10.31219/osf.io/dqz89	https://github.com/Mehrnoom/Cryptocurrency-Pump-Dump	TRUE	TRUE	TRUE	TRUE	TRUE	TRUE	none		Arroyo
https://paperswithcode.com/paper/estimating-heterogeneous-causal-effects-of	Estimating Heterogeneous Causal Effects of High-Dimensional Treatments: Application to Conjoint Analysis	2201.01357	https://arxiv.org/pdf/2201.01357v2.pdf	https://arxiv.org/abs/2201.01357v2		https://github.com/mgoplerud/factorhet	TRUE	TRUE	TRUE	TRUE	TRUE	TRUE	none		Arroyo
https://paperswithcode.com/paper/fast-analytical-calculation-of-the-random	Fast analytical calculation of the random pair counts for realistic survey geometry	2010.02793	https://arxiv.org/pdf/2010.02793v2.pdf	https://arxiv.org/abs/2010.02793v2	10.1051/0004-6361/2020.39603	https://github.com/mianbreton/RR_code	TRUE	TRUE	TRUE	FALSE	TRUE	TRUE	none	Arxiv as number not url. Screwed up readme file	Arroyo
https://paperswithcode.com/paper/modern-hopfield-networks-and-attention-for	Modern Hopfield Networks and Attention for Immune Repertoire Classification	2007.13505	https://arxiv.org/pdf/2007.13505v1.pdf	https://arxiv.org/abs/2007.13505v1	10.1101/2020.04.12.038158	https://github.com/ml-jku/DeepRC	TRUE	TRUE	TRUE	TRUE	TRUE	TRUE	pytorch		Arroyo
https://paperswithcode.com/paper/recall-expand-and-multi-candidate-cross	Recall, Expand and Multi-Candidate Cross-Encode: Fast and Accurate Ultra-Fine Entity Typing	2212.09125	https://arxiv.org/pdf/2212.09125v1.pdf	https://arxiv.org/abs/2212.09125v1		https://github.com/modelscope/adaseq	TRUE	TRUE	FALSE	FALSE	FALSE	FALSE	pytorch		Arroyo
https://paperswithcode.com/paper/temporal-3d-convnets-new-architecture-and	Temporal 3D ConvNets: New Architecture and Transfer Learning for Video Classification	1711.08200	http://arxiv.org/pdf/1711.08200v1.pdf	http://arxiv.org/abs/1711.08200v1		https://github.com/MohsenFayyaz89/T3D	TRUE	TRUE	TRUE	TRUE	TRUE	TRUE	pytorch		Arroyo
https://paperswithcode.com/paper/accelerating-fully-homomorphic-encryption-by	Accelerating Fully Homomorphic Encryption by Bridging Modular and Bit-Level Arithmetic	2204.12201	https://arxiv.org/pdf/2204.12201v3.pdf	https://arxiv.org/abs/2204.12201v3	10.1145/3508352.3549415	https://github.com/momalab/e3	TRUE	TRUE	TRUE	TRUE	TRUE	TRUE	none	cites another paper which isnt the one given	Arroyo
https://paperswithcode.com/paper/multilevel-clustering-via-wasserstein-means	Multilevel Clustering via Wasserstein Means	1706.03883	http://arxiv.org/pdf/1706.03883v1.pdf	http://arxiv.org/abs/1706.03883v1		https://github.com/moonfolk/Multilevel-Wasserstein-Means	TRUE	TRUE	FALSE	TRUE	FALSE	TRUE	none	Mentioned as Text	Arroyo
https://paperswithcode.com/paper/label-propagation-through-optimal-transport	Label Propagation Through Optimal Transport	2110.01446	https://arxiv.org/pdf/2110.01446v1.pdf	https://arxiv.org/abs/2110.01446v1	10.1109/ijcnn52387.2021.9533521	https://github.com/MouradElHamri/OTP	TRUE	TRUE	FALSE	TRUE	FALSE	TRUE	none		Arroyo
https://paperswithcode.com/paper/the-geography-of-open-source-software	The Geography of Open Source Software: Evidence from GitHub	2107.03200	https://arxiv.org/pdf/2107.03200v2.pdf	https://arxiv.org/abs/2107.03200v2	10.1016/j.techfore.2022.121478	https://github.com/n1tecki/Geography-of-Open-Source-Software	TRUE	TRUE	FALSE	TRUE	FALSE	TRUE	none		Arroyo
https://paperswithcode.com/paper/domain-knowledge-driven-3d-dose-prediction	Domain Knowledge Driven 3D Dose Prediction Using Moment-Based Loss Function	2207.03414	https://arxiv.org/pdf/2207.03414v2.pdf	https://arxiv.org/abs/2207.03414v2		https://github.com/nadeemlab/dosertx	TRUE	TRUE	TRUE	TRUE	TRUE	TRUE	pytorch		Arroyo
https://paperswithcode.com/paper/state-augmented-learnable-algorithms-for	State-Augmented Learnable Algorithms for Resource Management in Wireless Networks	2207.02242	https://arxiv.org/pdf/2207.02242v2.pdf	https://arxiv.org/abs/2207.02242v2	10.1109/tsp.2022.3229948	https://github.com/navid-naderi/stateaugmented_rrm_gnn	TRUE	TRUE	FALSE	TRUE	FALSE	TRUE	pytorch	url is not of DOI or arxiv but is IEEE	Arroyo
https://paperswithcode.com/paper/preventing-dataset-shift-from-breaking	Preventing dataset shift from breaking machine-learning biomarkers	2107.09947	https://arxiv.org/pdf/2107.09947v1.pdf	https://arxiv.org/abs/2107.09947v1	10.1093/gigascience/giab055	https://github.com/neurodatascience/dataset_shift_biomarkers	TRUE	TRUE	FALSE	TRUE	FALSE	TRUE	none		Arroyo
https://paperswithcode.com/paper/airobject-a-temporally-evolving-graph	AirObject: A Temporally Evolving Graph Embedding for Object Identification	2111.15150	https://arxiv.org/pdf/2111.15150v2.pdf	https://arxiv.org/abs/2111.15150v2	10.1109/cvpr52688.2022.00822	https://github.com/nik-v9/airobject	TRUE	TRUE	TRUE	TRUE	TRUE	TRUE	pytorch		Arroyo
https://paperswithcode.com/paper/new-techniques-for-preserving-global	New Techniques for Preserving Global Structure and Denoising with Low Information Loss in Single-Image Super-Resolution	1805.03383	http://arxiv.org/pdf/1805.03383v2.pdf	http://arxiv.org/abs/1805.03383v2	10.1109/cvprw.2018.00132	https://github.com/nikhilvravi/DukeSR	TRUE	TRUE	FALSE	FALSE	FALSE	FALSE	pytorch		Arroyo
https://paperswithcode.com/paper/learning-n-m-fine-grained-structured-sparse-1	Learning N:M Fine-grained Structured Sparse Neural Networks From Scratch	2102.04010	https://arxiv.org/pdf/2102.04010v2.pdf	https://arxiv.org/abs/2102.04010v2		https://github.com/NM-sparsity/NM-sparsity	TRUE	TRUE	TRUE	TRUE	TRUE	TRUE	pytorch	only links	Arroyo
https://paperswithcode.com/paper/on-sampling-collaborative-filtering-datasets	On Sampling Collaborative Filtering Datasets	2201.04768	https://arxiv.org/pdf/2201.04768v1.pdf	https://arxiv.org/abs/2201.04768v1	10.1145/3488560.3498439	https://github.com/noveens/sampling_cf	TRUE	TRUE	TRUE	TRUE	TRUE	TRUE	pytorch		Arroyo
https://paperswithcode.com/paper/efficient-classification-with-counterfactual	Efficient Classification with Counterfactual Reasoning and Active Learning	2207.12086	https://arxiv.org/pdf/2207.12086v1.pdf	https://arxiv.org/abs/2207.12086v1		https://github.com/nphdang/ccral	TRUE	TRUE	TRUE	TRUE	TRUE	TRUE	none		Arroyo
https://paperswithcode.com/paper/learning-curves-for-sgd-on-structured	Learning Curves for SGD on Structured Features	2106.02713	https://arxiv.org/pdf/2106.02713v5.pdf	https://arxiv.org/abs/2106.02713v5		https://github.com/Pehlevan-Group/sgd_structured_features	TRUE	TRUE	TRUE	TRUE	TRUE	TRUE	none		Arroyo
https://paperswithcode.com/paper/virtual-fully-connected-layer-training-a	Virtual Fully-Connected Layer: Training a Large-Scale Face Recognition Dataset With Limited Computational Resources		http://openaccess.thecvf.com//content/CVPR2021/papers/Li_Virtual_Fully-Connected_Layer_Training_a_Large-Scale_Face_Recognition_Dataset_With_CVPR_2021_paper.pdf	http://openaccess.thecvf.com//content/CVPR2021/html/Li_Virtual_Fully-Connected_Layer_Training_a_Large-Scale_Face_Recognition_Dataset_With_CVPR_2021_paper.html		https://github.com/pengyuLPY/Virtual-Fully-Connected-Layer	TRUE	TRUE	FALSE	TRUE	FALSE	TRUE	pytorch	TEXT OF TITLE	Arroyo
https://paperswithcode.com/paper/connecting-a-french-dictionary-from-the	Connecting a French Dictionary from the Beginning of the 20th Century to Wikidata	2206.11022	https://arxiv.org/pdf/2206.11022v3.pdf	https://arxiv.org/abs/2206.11022v3		https://github.com/pnugues/petit_larousse_1905	TRUE	TRUE	FALSE	TRUE	FALSE	TRUE	none	Readme in french, bibtex but no doi or arxiv	Arroyo
https://paperswithcode.com/paper/prediction-of-the-position-of-external	Prediction of the Position of External Markers Using a Recurrent Neural Network Trained With Unbiased Online Recurrent Optimization for Safe Lung Cancer Radiotherapy	2106.01100	https://arxiv.org/pdf/2106.01100v6.pdf	https://arxiv.org/abs/2106.01100v6		https://github.com/pohl-michel/time-series-forecasting-with-UORO-RTRL-LMS-and-linear-regression	TRUE	FALSE	TRUE	TRUE	FALSE	FALSE	none		Arroyo
https://paperswithcode.com/paper/semi-discrete-optimal-transport-hardness	Semi-Discrete Optimal Transport: Hardness, Regularization and Numerical Solution	2103.06263	https://arxiv.org/pdf/2103.06263v2.pdf	https://arxiv.org/abs/2103.06263v2		https://github.com/RAO-EPFL/Semi-Discrete-Smooth-OT	TRUE	TRUE	FALSE	TRUE	FALSE	TRUE	none		Arroyo
https://paperswithcode.com/paper/auto-active-verification-of-floating-point	Auto-active Verification of Floating-point Programs via Nonlinear Real Provers	2207.00921	https://arxiv.org/pdf/2207.00921v1.pdf	https://arxiv.org/abs/2207.00921v1		https://github.com/rasheedja/propafp	TRUE	TRUE	TRUE	FALSE	TRUE	TRUE	none		Arroyo
https://paperswithcode.com/paper/som-vae-interpretable-discrete-representation	SOM-VAE: Interpretable Discrete Representation Learning on Time Series	1806.02199	http://arxiv.org/pdf/1806.02199v7.pdf	http://arxiv.org/abs/1806.02199v7		https://github.com/ratschlab/SOM-VAE	TRUE	TRUE	TRUE	TRUE	TRUE	TRUE	tf		Arroyo
https://paperswithcode.com/paper/monte-carlo-with-determinantal-point	Monte Carlo with Determinantal Point Processes	1605.00361	https://arxiv.org/pdf/1605.00361v2.pdf	https://arxiv.org/abs/1605.00361v2		https://github.com/rbardenet/dppmc	TRUE	TRUE	TRUE	TRUE	TRUE	TRUE	none		Arroyo
https://paperswithcode.com/paper/vermillion-a-high-performance-scalable-iot	Vermillion: A High-Performance Scalable IoT Middleware for Smart Cities	2003.08361	https://arxiv.org/pdf/2003.08361v1.pdf	https://arxiv.org/abs/2003.08361v1		https://github.com/rbccps-iisc/iudx-resource-server	TRUE	TRUE	TRUE	FALSE	TRUE	TRUE	none	Double check the pdf	Arroyo
https://paperswithcode.com/paper/towards-blind-watermarking-combining	Towards Blind Watermarking: Combining Invertible and Non-invertible Mechanisms	2212.12678	https://arxiv.org/pdf/2212.12678v1.pdf	https://arxiv.org/abs/2212.12678v1	10.1145/3503161.3547950	https://github.com/rm1110/cin	TRUE	TRUE	TRUE	TRUE	TRUE	TRUE	pytorch		Arroyo
https://paperswithcode.com/paper/boosting-as-frank-wolfe	Boosting as Frank-Wolfe	2209.10831	https://arxiv.org/pdf/2209.10831v2.pdf	https://arxiv.org/abs/2209.10831v2		https://github.com/rmitsuboshi/boosting_as_frank_wolfe	TRUE	FALSE	TRUE	TRUE	FALSE	FALSE	none		Arroyo
https://paperswithcode.com/paper/boosting-multi-label-image-classification	Boosting Multi-Label Image Classification with Complementary Parallel Self-Distillation	2205.10986	https://arxiv.org/pdf/2205.10986v1.pdf	https://arxiv.org/abs/2205.10986v1	10.24963/ijcai.2022/208	https://github.com/robbie-xu/cpsd	TRUE	TRUE	TRUE	TRUE	TRUE	TRUE	pytorch	Does have the paper has typos/spelling mistakes	Arroyo
https://paperswithcode.com/paper/vice-self-supervised-visual-concept	ViCE: Improving Dense Representation Learning by Superpixelization and Contrasting Cluster Assignment	2111.12460	https://arxiv.org/pdf/2111.12460v3.pdf	https://arxiv.org/abs/2111.12460v3		https://github.com/robin-karlsson0/vice	TRUE	TRUE	TRUE	TRUE	TRUE	TRUE	pytorch	has arxiv	Arroyo
https://paperswithcode.com/paper/atomrem-non-empirical-seeker-of-the-minimum	AtomREM: Non-empirical seeker of the minimum energy escape paths on many-dimensional potential landscapes without coarse graining	1907.13316	https://arxiv.org/pdf/1907.13316v1.pdf	https://arxiv.org/abs/1907.13316v1	10.1016/j.cpc.2020.107260	https://github.com/ryosuke-akashi/AtomREM	TRUE	TRUE	TRUE	TRUE	TRUE	TRUE	none		Arroyo
https://paperswithcode.com/paper/npbdreg-a-non-parametric-bayesian-deep	NPBDREG: Uncertainty Assessment in Diffeomorphic Brain MRI Registration using a Non-parametric Bayesian Deep-Learning Based Approach	2108.06771	https://arxiv.org/pdf/2108.06771v4.pdf	https://arxiv.org/abs/2108.06771v4		https://github.com/samahkh/npbdreg_prj	TRUE	TRUE	FALSE	TRUE	FALSE	TRUE	none	Readme Title is title of the paper	Arroyo
https://paperswithcode.com/paper/ocr-post-correction-for-endangered-language	OCR Post Correction for Endangered Language Texts	2011.05402	https://arxiv.org/pdf/2011.05402v1.pdf	https://arxiv.org/abs/2011.05402v1	10.18653/v1/2020.emnlp-main.478	https://github.com/shrutirij/ocr-post-correction	TRUE	FALSE	FALSE	TRUE	FALSE	FALSE	none	*****	Arroyo
https://paperswithcode.com/paper/jointly-attentive-spatial-temporal-pooling	Jointly Attentive Spatial-Temporal Pooling Networks for Video-based Person Re-Identification	1708.02286	http://arxiv.org/pdf/1708.02286v2.pdf	http://arxiv.org/abs/1708.02286v2		https://github.com/shuangjiexu/Spatial-Temporal-Pooling-Networks-ReID	TRUE	TRUE	FALSE	TRUE	FALSE	TRUE	torch	In bibtex, bibtex has no url	Arroyo
https://paperswithcode.com/paper/improving-robustness-of-neural-machine	Improving Robustness of Neural Machine Translation with Multi-task Learning		https://aclanthology.org/W19-5368.pdf	https://aclanthology.org/W19-5368	10.18653/v1/w19-5368	https://github.com/shuyanzhou/multitask_transformer	TRUE	TRUE	FALSE	TRUE	FALSE	TRUE	pytorch	NOT DOI, link is dead	Arroyo
https://paperswithcode.com/paper/training-atomic-neural-networks-using	Training atomic neural networks using fragment-based data generated in virtual reality	2007.02824	http://arxiv.org/pdf/2007.02824v1.pdf	http://arxiv.org/abs/2007.02824v1	10.1063/5.0015950	https://github.com/SilviaAmAm/squalane_paper_si	TRUE	TRUE	FALSE	TRUE	FALSE	TRUE	tf		Arroyo
https://paperswithcode.com/paper/what-s-hidden-in-a-one-layer-randomly	What's Hidden in a One-layer Randomly Weighted Transformer?	2109.03939	https://arxiv.org/pdf/2109.03939v1.pdf	https://arxiv.org/abs/2109.03939v1		https://github.com/sincerass/one_layer_lottery_ticket	TRUE	TRUE	TRUE	TRUE	TRUE	TRUE	pytorch		Arroyo
https://paperswithcode.com/paper/learning-dynamic-memory-networks-for-object	Learning Dynamic Memory Networks for Object Tracking	1803.07268	http://arxiv.org/pdf/1803.07268v2.pdf	http://arxiv.org/abs/1803.07268v2	10.1007/978-3-030-01240-3_10	https://github.com/skyoung/MemTrack	TRUE	TRUE	TRUE	TRUE	TRUE	TRUE	tf		Arroyo
https://paperswithcode.com/paper/utilizing-class-information-for-deep-network	Utilizing Class Information for Deep Network Representation Shaping	1809.09307	http://arxiv.org/pdf/1809.09307v2.pdf	http://arxiv.org/abs/1809.09307v2	10.1609/aaai.v33i01.33013396	https://github.com/snu-adsl/class_wise_regularizer	TRUE	TRUE	FALSE	TRUE	FALSE	TRUE	tf	NOT DOI HAS BIBTEX	Arroyo
https://paperswithcode.com/paper/easy-to-fool-testing-the-anti-evasion	Easy to Fool? Testing the Anti-evasion Capabilities of PDF Malware Scanners	1901.05674	http://arxiv.org/pdf/1901.05674v2.pdf	http://arxiv.org/abs/1901.05674v2		https://github.com/sola-da/Chameleon	TRUE	TRUE	TRUE	FALSE	TRUE	TRUE	none		Arroyo
https://paperswithcode.com/paper/measuring-the-prevalence-of-anti-social	Measuring the Prevalence of Anti-Social Behavior in Online Communities	2208.13094	https://arxiv.org/pdf/2208.13094v1.pdf	https://arxiv.org/abs/2208.13094v1	10.1145/3555552	https://github.com/stanfordhci/contentmodaudit_coderelease	TRUE	TRUE	FALSE	TRUE	FALSE	TRUE	none	readme title, and has the rest as text	Arroyo
https://paperswithcode.com/paper/emergent-simulation-of-cell-like-shapes	Emergent simulation of cell-like shapes satisfying the conditions of life using lattice-type multiset chemical model	2204.09680	https://arxiv.org/pdf/2204.09680v3.pdf	https://arxiv.org/abs/2204.09680v3		https://github.com/takeshi-ishida/emergence-simulation-of-biological-cell-like-shapes	TRUE	TRUE	TRUE	TRUE	TRUE	TRUE	none		Arroyo
https://paperswithcode.com/paper/training-tips-for-the-transformer-model	Training Tips for the Transformer Model	1804.00247	http://arxiv.org/pdf/1804.00247v2.pdf	http://arxiv.org/abs/1804.00247v2	10.2478/pralin-2018-0002	https://github.com/tensorflow/tensor2tensor	TRUE	TRUE	TRUE	TRUE	TRUE	TRUE	tf		Arroyo
https://paperswithcode.com/paper/selfkg-self-supervised-entity-alignment-in	SelfKG: Self-Supervised Entity Alignment in Knowledge Graphs	2203.01044	https://arxiv.org/pdf/2203.01044v1.pdf	https://arxiv.org/abs/2203.01044v1	10.1145/3485447.3511945	https://github.com/THUDM/SelfKG	TRUE	TRUE	TRUE	TRUE	TRUE	TRUE	pytorch		Arroyo
https://paperswithcode.com/paper/simplifying-graph-convolutional-networks	Simplifying Graph Convolutional Networks	1902.07153	https://arxiv.org/pdf/1902.07153v2.pdf	https://arxiv.org/abs/1902.07153v2		https://github.com/Tiiiger/SGC	TRUE	TRUE	TRUE	TRUE	TRUE	TRUE	pytorch		Arroyo
https://paperswithcode.com/paper/extractive-approach-for-text-summarisation	Extractive approach for text summarization using graphs	2106.10955	https://arxiv.org/pdf/2106.10955v1.pdf	https://arxiv.org/abs/2106.10955v1		https://github.com/tot98git/text-summ	TRUE	TRUE	TRUE	TRUE	TRUE	TRUE	tf		Arroyo
https://paperswithcode.com/paper/pocs-based-clustering-algorithm	POCS-based Clustering Algorithm	2208.08888	https://arxiv.org/pdf/2208.08888v2.pdf	https://arxiv.org/abs/2208.08888v2	10.1109/iwis56333.2022.9920762	https://github.com/tranleanh/pocs-based-clustering	TRUE	TRUE	FALSE	TRUE	FALSE	TRUE	none		Arroyo
https://paperswithcode.com/paper/a-learning-system-for-motion-planning-of-free	A Learning System for Motion Planning of Free-Float Dual-Arm Space Manipulator towards Non-Cooperative Object	2207.02464	https://arxiv.org/pdf/2207.02464v1.pdf	https://arxiv.org/abs/2207.02464v1		https://github.com/Tsinghua-Space-Robot-Learning-Group/SpaceRobotEnv	TRUE	FALSE	FALSE	FALSE	FALSE	FALSE	pytorch		Arroyo
https://paperswithcode.com/paper/sense-annotating-a-lexical-substitution-data	Sense-annotating a Lexical Substitution Data Set with Ubyline		https://aclanthology.org/L16-1134.pdf	https://aclanthology.org/L16-1134		https://github.com/UKPLab/lrec2016-ubyline	TRUE	TRUE	FALSE	TRUE	FALSE	TRUE	none	bibtex. citation with {}	Arroyo
https://paperswithcode.com/paper/icon-learning-regular-maps-through-inverse	ICON: Learning Regular Maps Through Inverse Consistency	2105.04459	https://arxiv.org/pdf/2105.04459v3.pdf	https://arxiv.org/abs/2105.04459v3	10.1109/iccv48922.2021.00338	https://github.com/uncbiag/ICON	TRUE	TRUE	TRUE	TRUE	TRUE	TRUE	pytorch		Arroyo
https://paperswithcode.com/paper/pg-2-net-personalized-and-group-preferences	PG$^2$Net: Personalized and Group Preferences Guided Network for Next Place Prediction	2110.08266	https://arxiv.org/pdf/2110.08266v1.pdf	https://arxiv.org/abs/2110.08266v1		https://github.com/urbanmobility/pg2net	TRUE	TRUE	FALSE	FALSE	FALSE	FALSE	pytorch	The 2 has the power to 	Arroyo
https://paperswithcode.com/paper/robust-compressed-sensing-mri-with-deep	Robust Compressed Sensing MRI with Deep Generative Priors	2108.01368	https://arxiv.org/pdf/2108.01368v2.pdf	https://arxiv.org/abs/2108.01368v2		https://github.com/utcsilab/csgm-mri-langevin	TRUE	TRUE	FALSE	TRUE	FALSE	TRUE	pytorch	HAS BIBTEX NO ARXIV OR DOI	Arroyo
https://paperswithcode.com/paper/on-the-transferability-of-visual-features-in	On the Transferability of Visual Features in Generalized Zero-Shot Learning	2211.12494	https://arxiv.org/pdf/2211.12494v1.pdf	https://arxiv.org/abs/2211.12494v1		https://github.com/uvavision/tv-gzsl	TRUE	TRUE	FALSE	TRUE	FALSE	TRUE	pytorch	mentioned as text	Arroyo
https://paperswithcode.com/paper/growing-a-test-corpus-with-bonsai-fuzzing	Growing a Test Corpus with Bonsai Fuzzing	2103.04388	https://arxiv.org/pdf/2103.04388v1.pdf	https://arxiv.org/abs/2103.04388v1	10.1109/icse43902.2021.00072	https://github.com/vasumv/bonsai-fuzzing	TRUE	TRUE	TRUE	TRUE	TRUE	TRUE	none	Has link but not DOI	Arroyo
https://paperswithcode.com/paper/pruning-and-slicing-neural-networks-using	Pruning and Slicing Neural Networks using Formal Verification	2105.13649	https://arxiv.org/pdf/2105.13649v2.pdf	https://arxiv.org/abs/2105.13649v2		https://github.com/vbcrlf/redy	TRUE	TRUE	TRUE	TRUE	TRUE	TRUE	none		Arroyo
https://paperswithcode.com/paper/input-aware-dynamic-backdoor-attack	Input-Aware Dynamic Backdoor Attack	2010.08138	https://arxiv.org/pdf/2010.08138v1.pdf	https://arxiv.org/abs/2010.08138v1		Input-aware Dynamic Backdoor Attack (NeurIPS 2020)	TRUE	TRUE	FALSE	TRUE	FALSE	TRUE	pytorch	has url but not arxiv or DOI	Arroyo
https://paperswithcode.com/paper/intelligent-electric-vehicle-charging	Intelligent Electric Vehicle Charging Recommendation Based on Multi-Agent Reinforcement Learning	2102.07359	https://arxiv.org/pdf/2102.07359v1.pdf	https://arxiv.org/abs/2102.07359v1	10.1145/3442381.3449934	https://github.com/Vvrep/MASTER-electric_vehicle_charging_recommendation	TRUE	TRUE	TRUE	TRUE	TRUE	TRUE	pytorch		Arroyo
https://paperswithcode.com/paper/dialoguecse-dialogue-based-contrastive	DialogueCSE: Dialogue-based Contrastive Learning of Sentence Embeddings	2109.12599	https://arxiv.org/pdf/2109.12599v1.pdf	https://arxiv.org/abs/2109.12599v1	10.18653/v1/2021.emnlp-main.185	https://github.com/wangruicn/dialoguecse	TRUE	TRUE	FALSE	TRUE	FALSE	TRUE	none		Arroyo
https://paperswithcode.com/paper/image-inpainting-with-edge-guided-learnable	Image Inpainting with Edge-guided Learnable Bidirectional Attention Maps	2104.12087	https://arxiv.org/pdf/2104.12087v1.pdf	https://arxiv.org/abs/2104.12087v1		https://github.com/wds1998/Edge-LBAM	TRUE	TRUE	FALSE	TRUE	FALSE	TRUE	pytorch	It is mentioned but it is only the title of the paper. No clue if somef will pick it up	Arroyo
https://paperswithcode.com/paper/celebrity-profiling	Celebrity Profiling		https://aclanthology.org/P19-1249.pdf	https://aclanthology.org/P19-1249	10.18653/v1/p19-1249	https://github.com/webis-de/acl-19	TRUE	TRUE	FALSE	TRUE	FALSE	TRUE	none	bibtex seem in order, although no DOI or link, 404	Arroyo
https://paperswithcode.com/paper/lp2pb-translating-answer-set-programs-into	LP2PB: Translating Answer Set Programs into Pseudo-Boolean Theories	2009.10248	https://arxiv.org/pdf/2009.10248v1.pdf	https://arxiv.org/abs/2009.10248v1	10.4204/eptcs.325.25	https://github.com/wulfdewolf/lp2pb	TRUE	TRUE	FALSE	TRUE	FALSE	TRUE	none		Arroyo
https://paperswithcode.com/paper/transaction-tracking-on-blockchain-trading	TRacer: Scalable Graph-based Transaction Tracing for Account-based Blockchain Trading Systems	2201.05757	https://arxiv.org/pdf/2201.05757v3.pdf	https://arxiv.org/abs/2201.05757v3		https://github.com/wuzhy1ng/blockchainspider	TRUE	TRUE	TRUE	TRUE	TRUE	TRUE	none		Arroyo
https://paperswithcode.com/paper/the-growth-of-density-perturbations-in-the	The growth of density perturbations in the last $\sim$10 billion years from tomographic large-scale structure data	2105.12108	https://arxiv.org/pdf/2105.12108v2.pdf	https://arxiv.org/abs/2105.12108v2		https://github.com/xC-ell/growth-history	TRUE	TRUE	TRUE	FALSE	TRUE	TRUE	none		Arroyo
https://paperswithcode.com/paper/margin-aware-intra-class-novelty	Margin-Aware Intra-Class Novelty Identification for Medical Images	2108.00117	https://arxiv.org/pdf/2108.00117v2.pdf	https://arxiv.org/abs/2108.00117v2		https://github.com/xiaoyuanguo/tend_medicalnoveltydetection	TRUE	TRUE	FALSE	FALSE	FALSE	FALSE	pytorch		Arroyo
https://paperswithcode.com/paper/inference-in-functional-linear-quantile	Inference in Functional Linear Quantile Regression	1602.08793	https://arxiv.org/pdf/1602.08793v3.pdf	https://arxiv.org/abs/1602.08793v3	https://doi.org/10.1016/j.jmva.2022.104985	https://github.com/xylimeng/fQR-testing	TRUE	TRUE	TRUE	TRUE	TRUE	TRUE	none	README title is title of the paper	Arroyo
https://paperswithcode.com/paper/dynamic-cardiac-mri-reconstruction-using	Dynamic Cardiac MRI Reconstruction Using Combined Tensor Nuclear Norm and Casorati Matrix Nuclear Norm Regularizations	2206.00831	https://arxiv.org/pdf/2206.00831v1.pdf	https://arxiv.org/abs/2206.00831v1	10.1109/isbi52829.2022.9761409	https://github.com/yhao-z/TMNN	TRUE	FALSE	FALSE	TRUE	FALSE	FALSE	none	Given as title in github	Arroyo
https://paperswithcode.com/paper/ml-lbm-machine-learning-aided-flow-simulation	ML-LBM: Machine Learning Aided Flow Simulation in Porous Media	2004.11675	https://arxiv.org/pdf/2004.11675v1.pdf	https://arxiv.org/abs/2004.11675v1		https://github.com/yingDaWang-UNSW/VelCNNs	TRUE	TRUE	FALSE	FALSE	FALSE	FALSE	tf	Incomplete title	Arroyo
https://paperswithcode.com/paper/equivariant-and-invariant-grounding-for-video	Equivariant and Invariant Grounding for Video Question Answering	2207.12783	https://arxiv.org/pdf/2207.12783v1.pdf	https://arxiv.org/abs/2207.12783v1	10.1145/3503161.3548035	https://github.com/yl3800/eigv	TRUE	TRUE	TRUE	TRUE	TRUE	TRUE	pytorch		Arroyo
https://paperswithcode.com/paper/generalization-in-text-based-games-via	Generalization in Text-based Games via Hierarchical Reinforcement Learning	2109.09968	https://arxiv.org/pdf/2109.09968v1.pdf	https://arxiv.org/abs/2109.09968v1	10.18653/v1/2021.findings-emnlp.116	https://github.com/yunqiuxu/h-kga	TRUE	TRUE	TRUE	TRUE	TRUE	TRUE	pytorch		Arroyo
https://paperswithcode.com/paper/fashion-mnist-a-novel-image-dataset-for	Fashion-MNIST: a Novel Image Dataset for Benchmarking Machine Learning Algorithms	1708.07747	http://arxiv.org/pdf/1708.07747v2.pdf	http://arxiv.org/abs/1708.07747v2		https://github.com/zalandoresearch/fashion-mnist	TRUE	TRUE	TRUE	TRUE	TRUE	TRUE	tf		Arroyo
https://paperswithcode.com/paper/active-lathe-an-active-learning-algorithm-for	Active-LATHE: An Active Learning Algorithm for Boosting the Error Exponent for Learning Homogeneous Ising Trees	2110.14341	https://arxiv.org/pdf/2110.14341v2.pdf	https://arxiv.org/abs/2110.14341v2	10.1109/tit.2022.3222046	https://github.com/zhang-fengzhuo/active-lathe	TRUE	TRUE	FALSE	TRUE	FALSE	TRUE	none	pdf might not find it and somef might struggle too	Arroyo
https://paperswithcode.com/paper/how-suitable-are-subword-segmentation	How Suitable Are Subword Segmentation Strategies for Translating Non-Concatenative Morphology?	2109.01100	https://arxiv.org/pdf/2109.01100v1.pdf	https://arxiv.org/abs/2109.01100v1	10.18653/v1/2021.findings-emnlp.60	https://github.com/zurichnlp/segtest	TRUE	TRUE	TRUE	TRUE	TRUE	TRUE	none	Different github urls	Arroyo
https://paperswithcode.com/paper/optimized-observable-readout-from-single-shot	Optimized Observable Readout from Single-shot Images of Ultracold Atoms via Machine Learning	2010.14510	https://arxiv.org/pdf/2010.14510v1.pdf	https://arxiv.org/abs/2010.14510v1		https://gitlab.com/auj.lode/UNIQORN	TRUE	TRUE	FALSE	FALSE	FALSE	FALSE	tf	It is in the references	Arroyo
https://paperswithcode.com/paper/incorporating-temporal-information-in	Incorporating Temporal Information in Entailment Graph Mining	2109.09412	https://arxiv.org/pdf/2109.09412v1.pdf	https://arxiv.org/abs/2109.09412v1	10.18653/v1/2020.textgraphs-1.7	https://gitlab.com/lianeg/temporal-entailment-sports-dataset	TRUE	TRUE	FALSE	TRUE	FALSE	TRUE	none	*********	Arroyo
https://paperswithcode.com/paper/plots-jl-a-user-extendable-plotting-api-for	Plots.jl -- a user extendable plotting API for the julia programming language	2204.08775	https://arxiv.org/pdf/2204.08775v3.pdf	https://arxiv.org/abs/2204.08775v3		https://github.com/JuliaPlots/Plots.jl	TRUE	TRUE	FALSE	TRUE	FALSE	TRUE	none	NEEDS TO BE REVISED	Arroyo